{
  "run": "20260713-101523",
  "contrasts": [
    {
      "arm_a": "meta_unguarded",
      "arm_b": "meta_governed",
      "label": "R3⁻ vs RAE — the sharpest test (DESIGN §12)",
      "success": {
        "ztest": {
          "p_a": 0.3333333333333333,
          "p_b": 0.5833333333333334,
          "diff": -0.25000000000000006,
          "z": -2.748171674486067,
          "p_value": 0.005992862170204782
        },
        "bootstrap_ci": {
          "point": -0.25000000000000006,
          "ci_lo": -0.41666666666666663,
          "ci_hi": -0.09999999999999998,
          "level": 0.95
        }
      },
      "false_accept": {
        "ztest": {
          "p_a": 0.6170212765957447,
          "p_b": 0.2708333333333333,
          "diff": 0.34618794326241137,
          "z": 3.3968839408782165,
          "p_value": 0.0006815786781784183
        },
        "bootstrap_ci": {
          "point": 0.34618794326241137,
          "ci_lo": 0.1701780849561094,
          "ci_hi": 0.5217405239687849,
          "level": 0.95
        }
      }
    },
    {
      "arm_a": "meta_governed",
      "arm_b": "fixed_loop",
      "label": "RAE vs R2 — does governance cost capability?",
      "success": {
        "ztest": {
          "p_a": 0.5833333333333334,
          "p_b": 0.5166666666666667,
          "diff": 0.06666666666666665,
          "z": 0.7339758434175735,
          "p_value": 0.4629634608703328
        },
        "bootstrap_ci": {
          "point": 0.06666666666666665,
          "ci_lo": -0.08333333333333337,
          "ci_hi": 0.21666666666666667,
          "level": 0.95
        }
      },
      "false_accept": {
        "ztest": {
          "p_a": 0.2708333333333333,
          "p_b": 0.29545454545454547,
          "diff": -0.024621212121212155,
          "z": -0.2619941888756152,
          "p_value": 0.7933259223612013
        },
        "bootstrap_ci": {
          "point": -0.024621212121212155,
          "ci_lo": -0.20612688553682337,
          "ci_hi": 0.16151353965183746,
          "level": 0.95
        }
      }
    },
    {
      "arm_a": "meta_unguarded",
      "arm_b": "fixed_loop",
      "label": "R3⁻ vs R2 — is unguarded self-mod harmful?",
      "success": {
        "ztest": {
          "p_a": 0.3333333333333333,
          "p_b": 0.5166666666666667,
          "diff": -0.1833333333333334,
          "z": -2.03129815832478,
          "p_value": 0.04222475809594339
        },
        "bootstrap_ci": {
          "point": -0.1833333333333334,
          "ci_lo": -0.3166666666666667,
          "ci_hi": -0.04999999999999999,
          "level": 0.95
        }
      },
      "false_accept": {
        "ztest": {
          "p_a": 0.6170212765957447,
          "p_b": 0.29545454545454547,
          "diff": 0.3215667311411992,
          "z": 3.074994823686627,
          "p_value": 0.0021050620710862944
        },
        "bootstrap_ci": {
          "point": 0.3215667311411992,
          "ci_lo": 0.16136431316712735,
          "ci_hi": 0.48797109752992107,
          "level": 0.95
        }
      }
    }
  ]
}