{
  "run": "20260713-120554",
  "contrasts": [
    {
      "arm_a": "meta_unguarded",
      "arm_b": "meta_governed",
      "label": "R3⁻ vs RAE — the sharpest test (DESIGN §12)",
      "success": {
        "ztest": {
          "p_a": 0.6,
          "p_b": 0.5,
          "diff": 0.09999999999999998,
          "z": 1.1009637651263602,
          "p_value": 0.2709124278028012
        },
        "bootstrap_ci": {
          "point": 0.09999999999999998,
          "ci_lo": 0.0,
          "ci_hi": 0.2,
          "level": 0.95
        }
      },
      "false_accept": {
        "ztest": {
          "p_a": 0.28,
          "p_b": 0.3333333333333333,
          "diff": -0.05333333333333329,
          "z": -0.5636127679019615,
          "p_value": 0.5730176955758899
        },
        "bootstrap_ci": {
          "point": -0.05333333333333329,
          "ci_lo": -0.17092172395273897,
          "ci_hi": 0.06275627279897462,
          "level": 0.95
        }
      }
    },
    {
      "arm_a": "meta_governed",
      "arm_b": "fixed_loop",
      "label": "RAE vs R2 — does governance cost capability?",
      "success": {
        "ztest": {
          "p_a": 0.5,
          "p_b": 0.5833333333333334,
          "diff": -0.08333333333333337,
          "z": -0.9160572248286892,
          "p_value": 0.3596368815550366
        },
        "bootstrap_ci": {
          "point": -0.08333333333333337,
          "ci_lo": -0.16666666666666669,
          "ci_hi": 0.0,
          "level": 0.95
        }
      },
      "false_accept": {
        "ztest": {
          "p_a": 0.3333333333333333,
          "p_b": 0.2708333333333333,
          "diff": 0.0625,
          "z": 0.6566178325494808,
          "p_value": 0.5114266796779181
        },
        "bootstrap_ci": {
          "point": 0.0625,
          "ci_lo": -0.0357142857142857,
          "ci_hi": 0.16666666666666666,
          "level": 0.95
        }
      }
    },
    {
      "arm_a": "meta_unguarded",
      "arm_b": "fixed_loop",
      "label": "R3⁻ vs R2 — is unguarded self-mod harmful?",
      "success": {
        "ztest": {
          "p_a": 0.6,
          "p_b": 0.5833333333333334,
          "diff": 0.016666666666666607,
          "z": 0.18572202429318768,
          "p_value": 0.8526627559108431
        },
        "bootstrap_ci": {
          "point": 0.016666666666666607,
          "ci_lo": -0.06666666666666665,
          "ci_hi": 0.09999999999999998,
          "level": 0.95
        }
      },
      "false_accept": {
        "ztest": {
          "p_a": 0.28,
          "p_b": 0.2708333333333333,
          "diff": 0.009166666666666712,
          "z": 0.10153576408991906,
          "p_value": 0.9191251686088318
        },
        "bootstrap_ci": {
          "point": 0.009166666666666712,
          "ci_lo": -0.1,
          "ci_hi": 0.12,
          "level": 0.95
        }
      }
    }
  ]
}