{
  "constants_sha256": "6dde5db08ce2c9c96d537e76c16e8ee4b082cb1b19d471b983d29e9d04501337",
  "device": "directional_coupler",
  "expected": {
    "center_ratio": 0.5000018366025518,
    "insertion_loss_db": 0.19371127777746835
  },
  "golden_params": {
    "gap_nm": 200.0,
    "length_um": 15.708,
    "width_nm": 500.0
  },
  "regression_starts": [
    {
      "gap_nm": 240.0,
      "length_um": 11.708,
      "width_nm": 500.0
    },
    {
      "gap_nm": 170.0,
      "length_um": 20.708,
      "width_nm": 520.0
    },
    {
      "gap_nm": 220.0,
      "length_um": 18.708,
      "width_nm": 485.0
    }
  ]
}